{
  "project_info": {
    "project_number": "322367726086",
    "project_id": "practices-makes-perfect",
    "storage_bucket": "practices-makes-perfect.appspot.com"
  },
  "client": [
    {
      "client_info": {
        "mobilesdk_app_id": "1:322367726086:android:71888579bcb3e2290fd987",
        "android_client_info": {
          "package_name": "com.example.pmp"
        }
      },
      "oauth_client": [
        {
          "client_id": "322367726086-7e16577hcdunponvofcsovom8shd5rjb.apps.googleusercontent.com",
          "client_type": 3
        }
      ],
      "api_key": [
        {
          "current_key": "AIzaSyCbSsM6mwWCTPFXQrhPAQMWliUB8wEpk3o"
        }
      ],
      "services": {
        "appinvite_service": {
          "other_platform_oauth_client": [
            {
              "client_id": "322367726086-7e16577hcdunponvofcsovom8shd5rjb.apps.googleusercontent.com",
              "client_type": 3
            },
            {
              "client_id": "322367726086-6ormadv95sh1s08ke7kudp6ss5gj17nn.apps.googleusercontent.com",
              "client_type": 2,
              "ios_info": {
                "bundle_id": "com.example.pmp"
              }
            }
          ]
        }
      }
    }
  ],
  "configuration_version": "1"
}